snr,accuracy,model
-20,0.095,Logistic Regression
-18,0.09545454545454546,Logistic Regression
-16,0.09136363636363637,Logistic Regression
-14,0.09863636363636363,Logistic Regression
-12,0.11636363636363636,Logistic Regression
-10,0.18409090909090908,Logistic Regression
-8,0.28454545454545455,Logistic Regression
-6,0.37636363636363634,Logistic Regression
-4,0.43318181818181817,Logistic Regression
-2,0.46090909090909093,Logistic Regression
0,0.5263636363636364,Logistic Regression
2,0.6209090909090909,Logistic Regression
4,0.6568181818181819,Logistic Regression
6,0.6759090909090909,Logistic Regression
8,0.7013636363636364,Logistic Regression
10,0.68,Logistic Regression
12,0.6995454545454546,Logistic Regression
14,0.6995454545454546,Logistic Regression
16,0.6990909090909091,Logistic Regression
18,0.695,Logistic Regression
-20,0.09136363636363637,Random Forest
-18,0.09181818181818181,Random Forest
-16,0.09090909090909091,Random Forest
-14,0.10227272727272728,Random Forest
-12,0.12181818181818181,Random Forest
-10,0.17363636363636364,Random Forest
-8,0.2818181818181818,Random Forest
-6,0.4040909090909091,Random Forest
-4,0.49818181818181817,Random Forest
-2,0.5645454545454546,Random Forest
0,0.6731818181818182,Random Forest
2,0.7286363636363636,Random Forest
4,0.7459090909090909,Random Forest
6,0.775,Random Forest
8,0.7872727272727272,Random Forest
10,0.7795454545454545,Random Forest
12,0.7954545454545454,Random Forest
14,0.8022727272727272,Random Forest
16,0.7890909090909091,Random Forest
18,0.7913636363636364,Random Forest
