group,example_id,anomaly_score,prediction,is_anomaly
normal,0,0.06301707652087496,1,False
normal,1,0.1312123311822418,1,False
normal,2,0.06399115858812743,1,False
normal,3,0.07959442894644142,1,False
normal,4,0.09510256085425511,1,False
normal,5,-0.014202234681590542,-1,True
normal,6,0.05095844415022488,1,False
normal,7,0.05995339486929252,1,False
normal,8,0.13763856383754403,1,False
normal,9,0.10056562698145671,1,False
normal,10,0.13627572795551968,1,False
normal,11,0.07898470246154754,1,False
normal,12,0.03170027478340176,1,False
normal,13,0.028680426816762195,1,False
normal,14,0.029380348938827905,1,False
normal,15,0.036521486343257026,1,False
normal,16,0.09046572153723315,1,False
normal,17,0.07303853528169513,1,False
normal,18,0.1473456958437684,1,False
normal,19,0.16195174581043376,1,False
normal,20,0.04705779423225853,1,False
normal,21,0.0475452398167735,1,False
normal,22,0.1474787768854544,1,False
normal,23,0.131573991117996,1,False
normal,24,0.10573585229950366,1,False
normal,25,0.11922784106700557,1,False
normal,26,0.16003939638361248,1,False
normal,27,-0.016426659307957392,-1,True
normal,28,0.0550582663375756,1,False
normal,29,0.06691926147212501,1,False
normal,30,0.026989394386023324,1,False
normal,31,0.06292895785323693,1,False
normal,32,0.13053501100695153,1,False
normal,33,0.10317337703424334,1,False
normal,34,0.15842894888360642,1,False
normal,35,0.061891172862834964,1,False
normal,36,0.021465602372501724,1,False
normal,37,0.14531789308788706,1,False
normal,38,0.029136568546110575,1,False
normal,39,0.051521369590516675,1,False
normal,40,0.16607130990074798,1,False
normal,41,0.07862417355497386,1,False
normal,42,0.1808100039527829,1,False
normal,43,0.17610532573619486,1,False
normal,44,0.1452470817496741,1,False
normal,45,0.010612029979662263,1,False
normal,46,0.0457210962748521,1,False
normal,47,0.07873910538995066,1,False
normal,48,0.08457246187370604,1,False
normal,49,0.024263453666842016,1,False
normal,50,0.1982293808506823,1,False
normal,51,-0.025250486363809888,-1,True
normal,52,0.11897651680169008,1,False
normal,53,0.08899769532559865,1,False
normal,54,0.15710433284962355,1,False
normal,55,0.08377712625476597,1,False
normal,56,0.19180589958654337,1,False
normal,57,0.03477513962596901,1,False
normal,58,0.05935603615926199,1,False
normal,59,0.14396882212524387,1,False
normal,60,0.0987586570675294,1,False
normal,61,0.1976595782194926,1,False
normal,62,0.1473823857112248,1,False
normal,63,0.0642958305369844,1,False
normal,64,0.15524612097133705,1,False
normal,65,0.12271473764542973,1,False
normal,66,0.03743719266703338,1,False
normal,67,0.171360769972688,1,False
normal,68,0.06516960029478724,1,False
normal,69,0.03193906885779885,1,False
normal,70,0.05618796472985643,1,False
normal,71,0.009157398029064678,1,False
normal,72,0.041697355574005335,1,False
normal,73,0.1360475867233823,1,False
normal,74,0.1816235476998314,1,False
normal,75,0.058101187390922626,1,False
normal,76,0.05958647128827588,1,False
normal,77,0.011064402209153168,1,False
normal,78,0.07212281389546238,1,False
normal,79,0.06522132859101615,1,False
normal,80,0.06333473261338662,1,False
normal,81,0.13537606991375722,1,False
normal,82,0.024680220059358438,1,False
normal,83,0.08945822765710482,1,False
normal,84,0.17776493029611695,1,False
normal,85,0.035271809096072415,1,False
normal,86,0.17246739137328404,1,False
normal,87,0.012664443944211401,1,False
normal,88,0.170945909478467,1,False
normal,89,0.11096202350029322,1,False
normal,90,0.0785340985653668,1,False
normal,91,0.021318551202525127,1,False
normal,92,-0.0857188224737746,-1,True
normal,93,0.01943973289648515,1,False
normal,94,0.1167078007360457,1,False
normal,95,0.00689207326807173,1,False
normal,96,0.06858221314303359,1,False
normal,97,0.12334318493387025,1,False
normal,98,-0.13915818424456694,-1,True
normal,99,0.1387033029650775,1,False
normal,100,0.13458326506059937,1,False
normal,101,0.0642510541366873,1,False
normal,102,0.023159815921255933,1,False
normal,103,0.14907138603380427,1,False
normal,104,0.10972576994819838,1,False
normal,105,0.10303962782923887,1,False
normal,106,0.05112676795491111,1,False
normal,107,0.08760601146165148,1,False
normal,108,0.10610402933300489,1,False
normal,109,0.0552908122141087,1,False
normal,110,0.10105243237011124,1,False
normal,111,0.15291775610613184,1,False
normal,112,0.09802977172928767,1,False
normal,113,0.13435638440744246,1,False
normal,114,0.01130241998469017,1,False
normal,115,0.015566470947148137,1,False
normal,116,0.06720053455399733,1,False
normal,117,0.07820773679014537,1,False
normal,118,0.039957053339660153,1,False
normal,119,0.12867658485475886,1,False
normal,120,0.13567211698597947,1,False
normal,121,0.061684301253453255,1,False
normal,122,0.1624704646239734,1,False
normal,123,0.11718237975615847,1,False
normal,124,-0.015544630183374042,-1,True
normal,125,0.1504520004000212,1,False
normal,126,0.1600461229459551,1,False
normal,127,0.14749980187218242,1,False
normal,128,0.07894606801880666,1,False
normal,129,0.07513743682791585,1,False
normal,130,0.154225291086719,1,False
normal,131,0.052710262271883135,1,False
normal,132,0.05067267020147248,1,False
normal,133,0.03890130232600275,1,False
normal,134,0.04027952520388789,1,False
normal,135,0.1339845205047055,1,False
normal,136,0.055623713554352805,1,False
normal,137,0.08646741958557269,1,False
normal,138,0.03187089288774281,1,False
normal,139,0.18209064800061497,1,False
normal,140,0.15674457015368964,1,False
normal,141,0.05742437497206332,1,False
normal,142,0.08521472150400444,1,False
normal,143,0.13424510689623392,1,False
normal,144,0.008389696788762557,1,False
normal,145,0.03956423349428606,1,False
normal,146,0.08501047921273708,1,False
normal,147,0.0639074245140725,1,False
normal,148,0.15211082211370003,1,False
normal,149,0.03159710971220997,1,False
normal,150,0.15485367761594404,1,False
normal,151,0.1422996298124719,1,False
normal,152,0.0966141851876301,1,False
normal,153,0.16708140232281,1,False
normal,154,0.1331572249711851,1,False
normal,155,0.16437252857007834,1,False
normal,156,0.06796874077868176,1,False
normal,157,0.09801424580627233,1,False
normal,158,0.049110142665166334,1,False
normal,159,0.16286195363497363,1,False
normal,160,0.022492949383137395,1,False
normal,161,0.13025373874345786,1,False
normal,162,0.016821572512013216,1,False
normal,163,0.05399183090644766,1,False
normal,164,0.05676457125260115,1,False
normal,165,0.039760777683066184,1,False
normal,166,0.0706716618693305,1,False
normal,167,0.089219602996705,1,False
normal,168,0.15131133143054304,1,False
normal,169,0.07489303000524028,1,False
normal,170,-0.011330162894540252,-1,True
normal,171,0.03266809738786558,1,False
normal,172,0.08938118096589132,1,False
normal,173,0.010392966278179872,1,False
normal,174,0.08103438623157205,1,False
normal,175,0.13251249744334265,1,False
normal,176,0.14081498032879036,1,False
normal,177,0.07794049714104168,1,False
normal,178,0.05778262503563614,1,False
normal,179,0.15956446598231971,1,False
normal,180,0.15587637681186728,1,False
normal,181,0.0842373482204708,1,False
normal,182,-0.0054214815577596775,-1,True
normal,183,0.04232126563829641,1,False
normal,184,0.039434981317546414,1,False
normal,185,0.043176606351779556,1,False
normal,186,0.15191809312152094,1,False
normal,187,0.049071278475534275,1,False
normal,188,0.09091598849083898,1,False
normal,189,0.059763905335022294,1,False
normal,190,0.09077394136866845,1,False
normal,191,0.07926600949616647,1,False
normal,192,0.15433230096699996,1,False
normal,193,0.06507296707297872,1,False
normal,194,0.10301290385089507,1,False
normal,195,0.12356844314123983,1,False
normal,196,0.017822195329409096,1,False
normal,197,0.06968017844419705,1,False
normal,198,0.09476430628498494,1,False
normal,199,0.05358225098541136,1,False
normal,200,0.09934112892336472,1,False
normal,201,0.04671179751949872,1,False
normal,202,0.05781221225727862,1,False
normal,203,0.04832850604868766,1,False
normal,204,0.04054490281037848,1,False
normal,205,0.08550310549541679,1,False
normal,206,0.04021507426173976,1,False
normal,207,0.04467591804490545,1,False
normal,208,0.1521184957540772,1,False
normal,209,0.05265500715075189,1,False
normal,210,0.028477688149532776,1,False
normal,211,0.06041428430454321,1,False
normal,212,-0.008565335634718951,-1,True
normal,213,0.12500236234350603,1,False
normal,214,0.09530584507883139,1,False
normal,215,0.14016887244237958,1,False
normal,216,0.08208990792564164,1,False
normal,217,0.12948830136761796,1,False
normal,218,0.1558773284933283,1,False
normal,219,0.16277546418278638,1,False
normal,220,0.11124701117897035,1,False
normal,221,0.15740945184986566,1,False
normal,222,0.08621703201793218,1,False
normal,223,0.02612941137570246,1,False
normal,224,0.10089181638516165,1,False
normal,225,0.05087932657783634,1,False
normal,226,0.06772422579622495,1,False
normal,227,0.10316911191793687,1,False
normal,228,0.08486549319983,1,False
normal,229,0.15534771710048406,1,False
normal,230,0.09389027000879585,1,False
normal,231,0.11693994951046088,1,False
normal,232,0.027154607425838195,1,False
normal,233,0.0738394552705553,1,False
normal,234,0.07815743173163847,1,False
normal,235,0.07464804677369269,1,False
normal,236,0.1503235023431868,1,False
normal,237,0.013300890255805498,1,False
normal,238,0.16388075990892015,1,False
normal,239,-0.01242067179667583,-1,True
normal,240,0.05342526482849019,1,False
normal,241,0.032775995889298026,1,False
normal,242,0.12169266384424654,1,False
normal,243,0.1346681622344496,1,False
normal,244,0.15896671429902826,1,False
normal,245,0.10053167938900687,1,False
normal,246,0.12189375379537992,1,False
normal,247,0.13927296169485048,1,False
normal,248,0.04689196109296012,1,False
normal,249,0.05991772534962592,1,False
normal,250,0.07727396559126615,1,False
normal,251,0.025533035149906125,1,False
normal,252,0.051427387206442354,1,False
normal,253,0.06612010038090355,1,False
normal,254,0.05824761613653873,1,False
normal,255,0.12395466467417698,1,False
normal,256,0.0803914421596047,1,False
normal,257,0.03857151746792453,1,False
normal,258,0.06714363651743305,1,False
normal,259,0.16973473934956512,1,False
normal,260,0.13403339364131484,1,False
normal,261,0.043734231601695095,1,False
normal,262,0.04858357430347693,1,False
normal,263,0.14986856624154438,1,False
normal,264,0.15081010233748549,1,False
normal,265,0.15822643258727864,1,False
normal,266,0.07747113376773335,1,False
normal,267,0.10243194581393172,1,False
normal,268,0.06201319373429959,1,False
normal,269,0.12312211263591744,1,False
normal,270,0.06224280981889607,1,False
normal,271,0.07917267747959084,1,False
normal,272,0.07314415846991906,1,False
normal,273,0.08788994139075951,1,False
normal,274,0.05378546455302691,1,False
normal,275,0.06811073389673405,1,False
normal,276,0.0803231177601132,1,False
normal,277,0.04822449524950956,1,False
normal,278,0.07757068307327791,1,False
normal,279,0.10555027373781406,1,False
normal,280,0.16444552568635162,1,False
normal,281,0.041795988578723464,1,False
normal,282,0.082395080511385,1,False
normal,283,0.04729219301215748,1,False
normal,284,0.0990298808228407,1,False
normal,285,0.0643295202911438,1,False
normal,286,0.04659451849356788,1,False
normal,287,0.11168444199805844,1,False
normal,288,0.033689798753325784,1,False
normal,289,0.1334453193037321,1,False
normal,290,0.16464748878512697,1,False
normal,291,0.17266675945895288,1,False
normal,292,0.07905711068432447,1,False
normal,293,0.1697351215708523,1,False
normal,294,0.15314157722930166,1,False
normal,295,0.04924219891012138,1,False
normal,296,0.08256489040510762,1,False
normal,297,0.14781743419418447,1,False
normal,298,0.08031706645096509,1,False
normal,299,0.15111580378316714,1,False
increased_noise,0,-0.08722081841001761,-1,True
increased_noise,1,-0.11746062482786768,-1,True
increased_noise,2,-0.10328074153410205,-1,True
increased_noise,3,-0.09649043243255895,-1,True
increased_noise,4,-0.09470264634952963,-1,True
increased_noise,5,-0.09472968601504994,-1,True
increased_noise,6,-0.09175273653377225,-1,True
increased_noise,7,-0.08985392165831585,-1,True
increased_noise,8,-0.08812367914584052,-1,True
increased_noise,9,-0.10449865721227747,-1,True
increased_noise,10,-0.1018850354801818,-1,True
increased_noise,11,-0.0932163333184759,-1,True
increased_noise,12,-0.08999601094636123,-1,True
increased_noise,13,-0.09469145589335459,-1,True
increased_noise,14,-0.09243547445492395,-1,True
increased_noise,15,-0.10261665149864263,-1,True
increased_noise,16,-0.12035878209303175,-1,True
increased_noise,17,-0.09190716829662227,-1,True
increased_noise,18,-0.09826998253237484,-1,True
increased_noise,19,-0.10247026839348694,-1,True
increased_noise,20,-0.0949894518123221,-1,True
increased_noise,21,-0.087764474224023,-1,True
increased_noise,22,-0.09212621015877254,-1,True
increased_noise,23,-0.08908287389931635,-1,True
increased_noise,24,-0.08394716145866576,-1,True
increased_noise,25,-0.0928855049672912,-1,True
increased_noise,26,-0.09500872458252596,-1,True
increased_noise,27,-0.1048535066433014,-1,True
increased_noise,28,-0.09401557782084435,-1,True
increased_noise,29,-0.10128125710474423,-1,True
increased_noise,30,-0.10537247100420544,-1,True
increased_noise,31,-0.08231125258977712,-1,True
increased_noise,32,-0.09950460113512483,-1,True
increased_noise,33,-0.10805182042860995,-1,True
increased_noise,34,-0.1031653612435246,-1,True
increased_noise,35,-0.09846975706934968,-1,True
increased_noise,36,-0.10193563868074784,-1,True
increased_noise,37,-0.08453845466559584,-1,True
increased_noise,38,-0.10687553802091099,-1,True
increased_noise,39,-0.08975286980760289,-1,True
increased_noise,40,-0.09231938517543725,-1,True
increased_noise,41,-0.09008782526445991,-1,True
increased_noise,42,-0.09162372633195526,-1,True
increased_noise,43,-0.08908366170105608,-1,True
increased_noise,44,-0.09810405588111626,-1,True
increased_noise,45,-0.0942144652844481,-1,True
increased_noise,46,-0.0968714702973783,-1,True
increased_noise,47,-0.08636524166032877,-1,True
increased_noise,48,-0.08724565190774414,-1,True
increased_noise,49,-0.1022709698323726,-1,True
increased_noise,50,-0.08300134304663453,-1,True
increased_noise,51,-0.09129576768213643,-1,True
increased_noise,52,-0.08366841377877443,-1,True
increased_noise,53,-0.09674096529848075,-1,True
increased_noise,54,-0.0930186185682792,-1,True
increased_noise,55,-0.09155031964549398,-1,True
increased_noise,56,-0.08957649527304701,-1,True
increased_noise,57,-0.10094194232814302,-1,True
increased_noise,58,-0.10681350752191154,-1,True
increased_noise,59,-0.09485270332327767,-1,True
increased_noise,60,-0.11895637965516836,-1,True
increased_noise,61,-0.09965236040927605,-1,True
increased_noise,62,-0.08688982018106395,-1,True
increased_noise,63,-0.12135975254802356,-1,True
increased_noise,64,-0.08609334656305712,-1,True
increased_noise,65,-0.084052287170724,-1,True
increased_noise,66,-0.10199740230322674,-1,True
increased_noise,67,-0.0982118826522882,-1,True
increased_noise,68,-0.08702482516596355,-1,True
increased_noise,69,-0.09763520197840969,-1,True
increased_noise,70,-0.10304939217157572,-1,True
increased_noise,71,-0.09049829763628259,-1,True
increased_noise,72,-0.10596507684598089,-1,True
increased_noise,73,-0.09363159385048359,-1,True
increased_noise,74,-0.09651710650559975,-1,True
increased_noise,75,-0.092098303061379,-1,True
increased_noise,76,-0.10519430524738316,-1,True
increased_noise,77,-0.09256982563421856,-1,True
increased_noise,78,-0.09588433165833588,-1,True
increased_noise,79,-0.09063526715963577,-1,True
increased_noise,80,-0.08740696977880247,-1,True
increased_noise,81,-0.08703681090118165,-1,True
increased_noise,82,-0.09567297435785116,-1,True
increased_noise,83,-0.09570903101572925,-1,True
increased_noise,84,-0.09458952396497255,-1,True
increased_noise,85,-0.10393576615372968,-1,True
increased_noise,86,-0.08341303792389632,-1,True
increased_noise,87,-0.09164700097308842,-1,True
increased_noise,88,-0.08759135368765958,-1,True
increased_noise,89,-0.09444175061316884,-1,True
increased_noise,90,-0.10528300736857243,-1,True
increased_noise,91,-0.09569935887612113,-1,True
increased_noise,92,-0.10573555148740899,-1,True
increased_noise,93,-0.09681403699307001,-1,True
increased_noise,94,-0.080217844200826,-1,True
increased_noise,95,-0.09287175522402613,-1,True
increased_noise,96,-0.0931317983616522,-1,True
increased_noise,97,-0.09300311805802042,-1,True
increased_noise,98,-0.12166659219705167,-1,True
increased_noise,99,-0.0838057076653369,-1,True
increased_noise,100,-0.09258621760064045,-1,True
increased_noise,101,-0.09106135307829866,-1,True
increased_noise,102,-0.09825700793217507,-1,True
increased_noise,103,-0.09353671745858072,-1,True
increased_noise,104,-0.09940638365844645,-1,True
increased_noise,105,-0.09589147119581354,-1,True
increased_noise,106,-0.09958789857719086,-1,True
increased_noise,107,-0.10993742827827613,-1,True
increased_noise,108,-0.09221347858735318,-1,True
increased_noise,109,-0.0904798847749051,-1,True
increased_noise,110,-0.08999939168305915,-1,True
increased_noise,111,-0.0930349868047946,-1,True
increased_noise,112,-0.08788231309458772,-1,True
increased_noise,113,-0.10617524413822432,-1,True
increased_noise,114,-0.09609073374467358,-1,True
increased_noise,115,-0.0951583386284991,-1,True
increased_noise,116,-0.11587103984136882,-1,True
increased_noise,117,-0.08645309645388677,-1,True
increased_noise,118,-0.09902568166142456,-1,True
increased_noise,119,-0.09693472344701015,-1,True
increased_noise,120,-0.09043772749098111,-1,True
increased_noise,121,-0.0842720906545592,-1,True
increased_noise,122,-0.09234500763777864,-1,True
increased_noise,123,-0.08643645387791798,-1,True
increased_noise,124,-0.10353085213182989,-1,True
increased_noise,125,-0.08856675868648645,-1,True
increased_noise,126,-0.08811736807552106,-1,True
increased_noise,127,-0.0883386969365294,-1,True
increased_noise,128,-0.10414003556400941,-1,True
increased_noise,129,-0.08769126790412518,-1,True
increased_noise,130,-0.0850220887865818,-1,True
increased_noise,131,-0.09064920963517598,-1,True
increased_noise,132,-0.10520333560462736,-1,True
increased_noise,133,-0.09781925268161074,-1,True
increased_noise,134,-0.09366744708206698,-1,True
increased_noise,135,-0.09248219158602011,-1,True
increased_noise,136,-0.10151438021228476,-1,True
increased_noise,137,-0.08950020353241162,-1,True
increased_noise,138,-0.07922368286471093,-1,True
increased_noise,139,-0.09568116653622194,-1,True
increased_noise,140,-0.08366514015183268,-1,True
increased_noise,141,-0.0982776470027047,-1,True
increased_noise,142,-0.0834599974718675,-1,True
increased_noise,143,-0.09723329761227573,-1,True
increased_noise,144,-0.09585943638463679,-1,True
increased_noise,145,-0.11091413434567532,-1,True
increased_noise,146,-0.08595831744019455,-1,True
increased_noise,147,-0.10069765400537567,-1,True
increased_noise,148,-0.1038281308052732,-1,True
increased_noise,149,-0.09374633664072873,-1,True
increased_noise,150,-0.09509434495837032,-1,True
increased_noise,151,-0.10093221805057029,-1,True
increased_noise,152,-0.08864964824547061,-1,True
increased_noise,153,-0.09227331318965204,-1,True
increased_noise,154,-0.1015854390891151,-1,True
increased_noise,155,-0.09425800911193294,-1,True
increased_noise,156,-0.09367427298545017,-1,True
increased_noise,157,-0.09261542039622717,-1,True
increased_noise,158,-0.09764481826324223,-1,True
increased_noise,159,-0.08385332289356018,-1,True
increased_noise,160,-0.09816276661167578,-1,True
increased_noise,161,-0.10078987653643423,-1,True
increased_noise,162,-0.08421390467431333,-1,True
increased_noise,163,-0.09567218982206382,-1,True
increased_noise,164,-0.09928775015771796,-1,True
increased_noise,165,-0.08417410335924347,-1,True
increased_noise,166,-0.0927270659366568,-1,True
increased_noise,167,-0.08190678520713779,-1,True
increased_noise,168,-0.08467293794074437,-1,True
increased_noise,169,-0.09390999534749866,-1,True
increased_noise,170,-0.09729309463694813,-1,True
increased_noise,171,-0.08317017009483763,-1,True
increased_noise,172,-0.09277959328909624,-1,True
increased_noise,173,-0.08688748979676009,-1,True
increased_noise,174,-0.09853236527492282,-1,True
increased_noise,175,-0.09935622909402742,-1,True
increased_noise,176,-0.08506147780289142,-1,True
increased_noise,177,-0.09599077431965664,-1,True
increased_noise,178,-0.11121112134495681,-1,True
increased_noise,179,-0.09325027429946409,-1,True
increased_noise,180,-0.08310450029614325,-1,True
increased_noise,181,-0.08477130576365421,-1,True
increased_noise,182,-0.09602163844165612,-1,True
increased_noise,183,-0.10874834981782344,-1,True
increased_noise,184,-0.10666997427416058,-1,True
increased_noise,185,-0.08846859850421385,-1,True
increased_noise,186,-0.08211691233049845,-1,True
increased_noise,187,-0.09455815936957024,-1,True
increased_noise,188,-0.10620749406640473,-1,True
increased_noise,189,-0.09370417334309777,-1,True
increased_noise,190,-0.08852554460227557,-1,True
increased_noise,191,-0.09615236334621602,-1,True
increased_noise,192,-0.08929111994637662,-1,True
increased_noise,193,-0.09047790922598797,-1,True
increased_noise,194,-0.0902862025788469,-1,True
increased_noise,195,-0.09586549689036339,-1,True
increased_noise,196,-0.0963030087347827,-1,True
increased_noise,197,-0.09348452111132832,-1,True
increased_noise,198,-0.10518793753051636,-1,True
increased_noise,199,-0.1028308975412241,-1,True
increased_noise,200,-0.09603129331783256,-1,True
increased_noise,201,-0.10842196560855755,-1,True
increased_noise,202,-0.09363159385048359,-1,True
increased_noise,203,-0.11531107565790921,-1,True
increased_noise,204,-0.09894786467636829,-1,True
increased_noise,205,-0.08534606073447393,-1,True
increased_noise,206,-0.09391740309035679,-1,True
increased_noise,207,-0.09726280406680077,-1,True
increased_noise,208,-0.08427830700830441,-1,True
increased_noise,209,-0.10289989655080733,-1,True
increased_noise,210,-0.09630406834811633,-1,True
increased_noise,211,-0.09213429191102196,-1,True
increased_noise,212,-0.09605085548407899,-1,True
increased_noise,213,-0.09150014730491507,-1,True
increased_noise,214,-0.08044015577936103,-1,True
increased_noise,215,-0.09257512939141233,-1,True
increased_noise,216,-0.0866001501731255,-1,True
increased_noise,217,-0.08727252113650807,-1,True
increased_noise,218,-0.08670181481399031,-1,True
increased_noise,219,-0.08942816328456316,-1,True
increased_noise,220,-0.0958504340360854,-1,True
increased_noise,221,-0.08063003884692999,-1,True
increased_noise,222,-0.08239724988642261,-1,True
increased_noise,223,-0.09471171528344313,-1,True
increased_noise,224,-0.08674147892689699,-1,True
increased_noise,225,-0.08467773942280477,-1,True
increased_noise,226,-0.09253482028990112,-1,True
increased_noise,227,-0.10266788737409094,-1,True
increased_noise,228,-0.08694375307471636,-1,True
increased_noise,229,-0.09275894388882056,-1,True
increased_noise,230,-0.09512908485882732,-1,True
increased_noise,231,-0.08409497109803854,-1,True
increased_noise,232,-0.10469640870798236,-1,True
increased_noise,233,-0.11028943844320771,-1,True
increased_noise,234,-0.09339810521328218,-1,True
increased_noise,235,-0.09931385772829948,-1,True
increased_noise,236,-0.08552525117119636,-1,True
increased_noise,237,-0.09631900407868732,-1,True
increased_noise,238,-0.08958188004343026,-1,True
increased_noise,239,-0.1017081751497132,-1,True
increased_noise,240,-0.09901014250116957,-1,True
increased_noise,241,-0.09978913542511025,-1,True
increased_noise,242,-0.08391846128101621,-1,True
increased_noise,243,-0.08563056783861533,-1,True
increased_noise,244,-0.08837413956616291,-1,True
increased_noise,245,-0.09995435963863919,-1,True
increased_noise,246,-0.09084253736854864,-1,True
increased_noise,247,-0.08696246632516946,-1,True
increased_noise,248,-0.09911764439755066,-1,True
increased_noise,249,-0.09223982119218321,-1,True
increased_noise,250,-0.10151438021228476,-1,True
increased_noise,251,-0.11900061993551847,-1,True
increased_noise,252,-0.09011457855210592,-1,True
increased_noise,253,-0.09793469202019112,-1,True
increased_noise,254,-0.09033356747410326,-1,True
increased_noise,255,-0.07839490351823519,-1,True
increased_noise,256,-0.08454610382439576,-1,True
increased_noise,257,-0.0842937672675198,-1,True
increased_noise,258,-0.10279889480291549,-1,True
increased_noise,259,-0.0854688658798447,-1,True
increased_noise,260,-0.09271388462763863,-1,True
increased_noise,261,-0.0887454466365204,-1,True
increased_noise,262,-0.09531006913848816,-1,True
increased_noise,263,-0.09363315944852535,-1,True
increased_noise,264,-0.11629572521413123,-1,True
increased_noise,265,-0.10062110259220025,-1,True
increased_noise,266,-0.09151415053819112,-1,True
increased_noise,267,-0.09603702572278439,-1,True
increased_noise,268,-0.10167932497110777,-1,True
increased_noise,269,-0.08765125540493346,-1,True
increased_noise,270,-0.08818447018420716,-1,True
increased_noise,271,-0.09303362721253383,-1,True
increased_noise,272,-0.09178948972035472,-1,True
increased_noise,273,-0.09039812593028218,-1,True
increased_noise,274,-0.0925444943820648,-1,True
increased_noise,275,-0.09350780943991965,-1,True
increased_noise,276,-0.10106742387046275,-1,True
increased_noise,277,-0.10031285468259055,-1,True
increased_noise,278,-0.10252350278207667,-1,True
increased_noise,279,-0.08637079182172469,-1,True
increased_noise,280,-0.09310545948426419,-1,True
increased_noise,281,-0.09814328169856912,-1,True
increased_noise,282,-0.09582101374947516,-1,True
increased_noise,283,-0.10101389397647742,-1,True
increased_noise,284,-0.08410174780469581,-1,True
increased_noise,285,-0.08397828385254502,-1,True
increased_noise,286,-0.1002432410424392,-1,True
increased_noise,287,-0.09050488137098778,-1,True
increased_noise,288,-0.08865969216621772,-1,True
increased_noise,289,-0.08315203717284358,-1,True
increased_noise,290,-0.09151372283145076,-1,True
increased_noise,291,-0.08625935213540736,-1,True
increased_noise,292,-0.0840555545356193,-1,True
increased_noise,293,-0.09009643733735029,-1,True
increased_noise,294,-0.09730610605858203,-1,True
increased_noise,295,-0.09942168435910625,-1,True
increased_noise,296,-0.09224415631310823,-1,True
increased_noise,297,-0.08789527165417044,-1,True
increased_noise,298,-0.08860266628342861,-1,True
increased_noise,299,-0.09344415678145035,-1,True
high_amplitude,0,-0.07690818404184518,-1,True
high_amplitude,1,-0.11900906654746457,-1,True
high_amplitude,2,-0.09295048444904008,-1,True
high_amplitude,3,-0.06916480036405781,-1,True
high_amplitude,4,-0.11191829104751194,-1,True
high_amplitude,5,-0.1352848629457123,-1,True
high_amplitude,6,-0.13029072891729354,-1,True
high_amplitude,7,-0.13539257102154878,-1,True
high_amplitude,8,-0.12209615724125011,-1,True
high_amplitude,9,-0.10259707722653355,-1,True
high_amplitude,10,-0.11972777191275419,-1,True
high_amplitude,11,-0.12335376092861805,-1,True
high_amplitude,12,-0.08189527021939114,-1,True
high_amplitude,13,-0.11491869227558626,-1,True
high_amplitude,14,-0.067343077689205,-1,True
high_amplitude,15,-0.13017832090736037,-1,True
high_amplitude,16,-0.12124761422249708,-1,True
high_amplitude,17,-0.08447562534162667,-1,True
high_amplitude,18,-0.11947618050730457,-1,True
high_amplitude,19,-0.08983503093530376,-1,True
high_amplitude,20,-0.07967423080719482,-1,True
high_amplitude,21,-0.09270209850606348,-1,True
high_amplitude,22,-0.1128437548394966,-1,True
high_amplitude,23,-0.10925779366955513,-1,True
high_amplitude,24,-0.10273743421321335,-1,True
high_amplitude,25,-0.12275945872630767,-1,True
high_amplitude,26,-0.1153798377232188,-1,True
high_amplitude,27,-0.09776506492401882,-1,True
high_amplitude,28,-0.145292228044394,-1,True
high_amplitude,29,-0.07898534065980911,-1,True
high_amplitude,30,-0.10056311668935047,-1,True
high_amplitude,31,-0.13251198327004032,-1,True
high_amplitude,32,-0.12388759319868914,-1,True
high_amplitude,33,-0.12360158680535638,-1,True
high_amplitude,34,-0.08186927540700817,-1,True
high_amplitude,35,-0.08431858502375755,-1,True
high_amplitude,36,-0.09305632580738776,-1,True
high_amplitude,37,-0.11470334546781114,-1,True
high_amplitude,38,-0.09946047453880003,-1,True
high_amplitude,39,-0.10850428086128638,-1,True
high_amplitude,40,-0.11435526821977093,-1,True
high_amplitude,41,-0.12929390840516397,-1,True
high_amplitude,42,-0.09503512828219451,-1,True
high_amplitude,43,-0.09915331522330051,-1,True
high_amplitude,44,-0.10099506105474843,-1,True
high_amplitude,45,-0.09193954437537677,-1,True
high_amplitude,46,-0.10659572588062671,-1,True
high_amplitude,47,-0.11174099663338555,-1,True
high_amplitude,48,-0.10574642224083963,-1,True
high_amplitude,49,-0.11065801188797475,-1,True
high_amplitude,50,-0.08434096751165254,-1,True
high_amplitude,51,-0.09843850676275279,-1,True
high_amplitude,52,-0.1224874825373442,-1,True
high_amplitude,53,-0.11642616015966867,-1,True
high_amplitude,54,-0.11600651361045733,-1,True
high_amplitude,55,-0.06825914334690852,-1,True
high_amplitude,56,-0.09411501942352773,-1,True
high_amplitude,57,-0.12878254328729177,-1,True
high_amplitude,58,-0.0955187442250417,-1,True
high_amplitude,59,-0.11958415537191258,-1,True
high_amplitude,60,-0.12194096486758321,-1,True
high_amplitude,61,-0.08956945558916396,-1,True
high_amplitude,62,-0.11611656598029363,-1,True
high_amplitude,63,-0.09761971818111825,-1,True
high_amplitude,64,-0.1111933666384437,-1,True
high_amplitude,65,-0.11270338099558441,-1,True
high_amplitude,66,-0.10944815638897443,-1,True
high_amplitude,67,-0.08944085797389456,-1,True
high_amplitude,68,-0.11276165882750167,-1,True
high_amplitude,69,-0.11273329522553133,-1,True
high_amplitude,70,-0.09484283214769473,-1,True
high_amplitude,71,-0.11515372790329281,-1,True
high_amplitude,72,-0.11195459068720526,-1,True
high_amplitude,73,-0.11456692992545991,-1,True
high_amplitude,74,-0.09397892054421875,-1,True
high_amplitude,75,-0.10073891063139773,-1,True
high_amplitude,76,-0.09683314531934994,-1,True
high_amplitude,77,-0.10704412627403925,-1,True
high_amplitude,78,-0.12490778722281948,-1,True
high_amplitude,79,-0.0902337475981203,-1,True
high_amplitude,80,-0.1414183484338818,-1,True
high_amplitude,81,-0.11363349606280992,-1,True
high_amplitude,82,-0.09969511101767214,-1,True
high_amplitude,83,-0.12526388305488179,-1,True
high_amplitude,84,-0.09426223168046632,-1,True
high_amplitude,85,-0.1140266838087638,-1,True
high_amplitude,86,-0.09408610650956206,-1,True
high_amplitude,87,-0.07989622145471709,-1,True
high_amplitude,88,-0.08869948958972829,-1,True
high_amplitude,89,-0.11509571342399116,-1,True
high_amplitude,90,-0.061334128613014016,-1,True
high_amplitude,91,-0.11435846352855628,-1,True
high_amplitude,92,-0.12378387732108886,-1,True
high_amplitude,93,-0.11248384286833868,-1,True
high_amplitude,94,-0.11185617693272232,-1,True
high_amplitude,95,-0.11077211082569438,-1,True
high_amplitude,96,-0.08805321054961135,-1,True
high_amplitude,97,-0.11872244702309087,-1,True
high_amplitude,98,-0.16400398801956928,-1,True
high_amplitude,99,-0.11445146504983283,-1,True
high_amplitude,100,-0.10423670878453817,-1,True
high_amplitude,101,-0.08149184195684589,-1,True
high_amplitude,102,-0.10458178006299135,-1,True
high_amplitude,103,-0.10591205072803034,-1,True
high_amplitude,104,-0.12279568932888674,-1,True
high_amplitude,105,-0.1256733825666575,-1,True
high_amplitude,106,-0.10142117815731566,-1,True
high_amplitude,107,-0.06743329064396109,-1,True
high_amplitude,108,-0.11216227168949477,-1,True
high_amplitude,109,-0.1174916276721848,-1,True
high_amplitude,110,-0.06358780716957979,-1,True
high_amplitude,111,-0.11308376364997874,-1,True
high_amplitude,112,-0.1071820358437705,-1,True
high_amplitude,113,-0.10406335316864557,-1,True
high_amplitude,114,-0.07415265751290656,-1,True
high_amplitude,115,-0.11399807952016905,-1,True
high_amplitude,116,-0.08275938136494865,-1,True
high_amplitude,117,-0.07301257881939316,-1,True
high_amplitude,118,-0.13285723937721128,-1,True
high_amplitude,119,-0.12680864283445026,-1,True
high_amplitude,120,-0.12211560403848287,-1,True
high_amplitude,121,-0.11187610600757858,-1,True
high_amplitude,122,-0.11389161782727208,-1,True
high_amplitude,123,-0.12683039179555833,-1,True
high_amplitude,124,-0.1345520985483819,-1,True
high_amplitude,125,-0.1165224298647306,-1,True
high_amplitude,126,-0.1122890325925261,-1,True
high_amplitude,127,-0.10297098555850781,-1,True
high_amplitude,128,-0.07015157473703448,-1,True
high_amplitude,129,-0.11387600737015702,-1,True
high_amplitude,130,-0.10685039564307486,-1,True
high_amplitude,131,-0.09687330665433658,-1,True
high_amplitude,132,-0.10069776934351427,-1,True
high_amplitude,133,-0.08870488141160282,-1,True
high_amplitude,134,-0.1353681322287711,-1,True
high_amplitude,135,-0.09955401615441362,-1,True
high_amplitude,136,-0.10475369943026525,-1,True
high_amplitude,137,-0.10996150436637975,-1,True
high_amplitude,138,-0.07364501864084116,-1,True
high_amplitude,139,-0.10132348957085735,-1,True
high_amplitude,140,-0.11004645956668702,-1,True
high_amplitude,141,-0.10254616339601363,-1,True
high_amplitude,142,-0.07883630116776552,-1,True
high_amplitude,143,-0.1189168209930952,-1,True
high_amplitude,144,-0.11901162161610734,-1,True
high_amplitude,145,-0.11721473472949673,-1,True
high_amplitude,146,-0.06529147093348553,-1,True
high_amplitude,147,-0.07937949982534198,-1,True
high_amplitude,148,-0.11066237193354123,-1,True
high_amplitude,149,-0.10723448136362423,-1,True
high_amplitude,150,-0.08799655998024958,-1,True
high_amplitude,151,-0.11216227168949477,-1,True
high_amplitude,152,-0.12218085030154235,-1,True
high_amplitude,153,-0.11155938632572926,-1,True
high_amplitude,154,-0.12363942614747403,-1,True
high_amplitude,155,-0.1125170164403555,-1,True
high_amplitude,156,-0.07923734056180198,-1,True
high_amplitude,157,-0.06253449050678783,-1,True
high_amplitude,158,-0.12650305453293642,-1,True
high_amplitude,159,-0.10796933162356837,-1,True
high_amplitude,160,-0.10375029393864332,-1,True
high_amplitude,161,-0.1223191601049487,-1,True
high_amplitude,162,-0.09770955564359685,-1,True
high_amplitude,163,-0.11208516268401303,-1,True
high_amplitude,164,-0.08183852733608843,-1,True
high_amplitude,165,-0.08928282146921795,-1,True
high_amplitude,166,-0.12548500199639057,-1,True
high_amplitude,167,-0.12068805979869557,-1,True
high_amplitude,168,-0.10573932652473195,-1,True
high_amplitude,169,-0.07256498360337404,-1,True
high_amplitude,170,-0.11055515455060494,-1,True
high_amplitude,171,-0.0884621562557647,-1,True
high_amplitude,172,-0.06498984394062146,-1,True
high_amplitude,173,-0.11822892848317668,-1,True
high_amplitude,174,-0.12101163784996716,-1,True
high_amplitude,175,-0.10724769378240828,-1,True
high_amplitude,176,-0.12491614510124371,-1,True
high_amplitude,177,-0.1276690692825455,-1,True
high_amplitude,178,-0.09419755311498434,-1,True
high_amplitude,179,-0.1141792201151427,-1,True
high_amplitude,180,-0.12069045042829696,-1,True
high_amplitude,181,-0.06453684142088711,-1,True
high_amplitude,182,-0.1269485699612063,-1,True
high_amplitude,183,-0.09523025389600392,-1,True
high_amplitude,184,-0.11784554831908844,-1,True
high_amplitude,185,-0.07981077351924781,-1,True
high_amplitude,186,-0.11760961942947679,-1,True
high_amplitude,187,-0.0959699595764778,-1,True
high_amplitude,188,-0.13619870884030172,-1,True
high_amplitude,189,-0.10565144680651406,-1,True
high_amplitude,190,-0.06163079291314244,-1,True
high_amplitude,191,-0.08147959583415543,-1,True
high_amplitude,192,-0.11049669905097492,-1,True
high_amplitude,193,-0.12276454828379368,-1,True
high_amplitude,194,-0.11470539312720607,-1,True
high_amplitude,195,-0.1081237379005151,-1,True
high_amplitude,196,-0.1149180073258036,-1,True
high_amplitude,197,-0.06625202148208498,-1,True
high_amplitude,198,-0.0631493649608823,-1,True
high_amplitude,199,-0.09888264212513198,-1,True
high_amplitude,200,-0.07124379656618107,-1,True
high_amplitude,201,-0.09490849502111409,-1,True
high_amplitude,202,-0.12101163784996716,-1,True
high_amplitude,203,-0.09509320972186597,-1,True
high_amplitude,204,-0.09493796022725098,-1,True
high_amplitude,205,-0.12697524053813747,-1,True
high_amplitude,206,-0.13074811182859636,-1,True
high_amplitude,207,-0.10409775637796137,-1,True
high_amplitude,208,-0.11196446458818266,-1,True
high_amplitude,209,-0.10345841523637289,-1,True
high_amplitude,210,-0.10319590154977365,-1,True
high_amplitude,211,-0.09892341004163441,-1,True
high_amplitude,212,-0.12231228644177172,-1,True
high_amplitude,213,-0.11556100932152458,-1,True
high_amplitude,214,-0.06375185498507752,-1,True
high_amplitude,215,-0.1180550512868015,-1,True
high_amplitude,216,-0.09970457732806182,-1,True
high_amplitude,217,-0.12141542124711002,-1,True
high_amplitude,218,-0.11758729368517384,-1,True
high_amplitude,219,-0.09975341571029617,-1,True
high_amplitude,220,-0.12350472019784209,-1,True
high_amplitude,221,-0.11470938778913364,-1,True
high_amplitude,222,-0.13685643530013025,-1,True
high_amplitude,223,-0.10976680875900424,-1,True
high_amplitude,224,-0.06296996259481302,-1,True
high_amplitude,225,-0.06593622227814788,-1,True
high_amplitude,226,-0.11836001175467115,-1,True
high_amplitude,227,-0.06267354409129244,-1,True
high_amplitude,228,-0.09728386816003642,-1,True
high_amplitude,229,-0.0962780049991907,-1,True
high_amplitude,230,-0.12345789600932189,-1,True
high_amplitude,231,-0.11186516999733875,-1,True
high_amplitude,232,-0.10248335879947923,-1,True
high_amplitude,233,-0.11201168966246633,-1,True
high_amplitude,234,-0.1276824928354997,-1,True
high_amplitude,235,-0.1223911206539382,-1,True
high_amplitude,236,-0.11667823151704426,-1,True
high_amplitude,237,-0.11687300107306742,-1,True
high_amplitude,238,-0.1202225151879105,-1,True
high_amplitude,239,-0.11258866956008207,-1,True
high_amplitude,240,-0.10309466909605702,-1,True
high_amplitude,241,-0.11449042561597889,-1,True
high_amplitude,242,-0.11655337120596376,-1,True
high_amplitude,243,-0.09803154227487187,-1,True
high_amplitude,244,-0.11808882098042983,-1,True
high_amplitude,245,-0.12525435138443963,-1,True
high_amplitude,246,-0.11874314989690093,-1,True
high_amplitude,247,-0.12602646993418798,-1,True
high_amplitude,248,-0.10234549085800748,-1,True
high_amplitude,249,-0.12605370746286026,-1,True
high_amplitude,250,-0.07712208875177695,-1,True
high_amplitude,251,-0.10508513757164284,-1,True
high_amplitude,252,-0.08035155742770117,-1,True
high_amplitude,253,-0.08206911229765212,-1,True
high_amplitude,254,-0.11250738569131957,-1,True
high_amplitude,255,-0.10913019791277168,-1,True
high_amplitude,256,-0.1203965862565265,-1,True
high_amplitude,257,-0.09275220505315618,-1,True
high_amplitude,258,-0.07906702985080871,-1,True
high_amplitude,259,-0.10842897372244242,-1,True
high_amplitude,260,-0.1134507973675849,-1,True
high_amplitude,261,-0.10218974712839124,-1,True
high_amplitude,262,-0.13498681329759799,-1,True
high_amplitude,263,-0.11511831395154104,-1,True
high_amplitude,264,-0.11306125938212264,-1,True
high_amplitude,265,-0.1115671342877671,-1,True
high_amplitude,266,-0.07965464232415143,-1,True
high_amplitude,267,-0.12038129073708637,-1,True
high_amplitude,268,-0.09575488483713279,-1,True
high_amplitude,269,-0.11454904224730134,-1,True
high_amplitude,270,-0.11525491511433328,-1,True
high_amplitude,271,-0.12229012409667817,-1,True
high_amplitude,272,-0.0741073779938336,-1,True
high_amplitude,273,-0.07382328182438525,-1,True
high_amplitude,274,-0.09574548666102978,-1,True
high_amplitude,275,-0.10943470744430961,-1,True
high_amplitude,276,-0.12275945872630767,-1,True
high_amplitude,277,-0.09687330665433658,-1,True
high_amplitude,278,-0.08058506375921726,-1,True
high_amplitude,279,-0.10603534206160226,-1,True
high_amplitude,280,-0.09735409440107679,-1,True
high_amplitude,281,-0.10797279474611599,-1,True
high_amplitude,282,-0.09017944314624649,-1,True
high_amplitude,283,-0.10374498812863076,-1,True
high_amplitude,284,-0.06500954345752064,-1,True
high_amplitude,285,-0.08021481403001185,-1,True
high_amplitude,286,-0.09854818196783643,-1,True
high_amplitude,287,-0.10823877723530306,-1,True
high_amplitude,288,-0.10991093108004213,-1,True
high_amplitude,289,-0.12023480605239667,-1,True
high_amplitude,290,-0.08848135199315621,-1,True
high_amplitude,291,-0.0863153925324388,-1,True
high_amplitude,292,-0.07820558155709856,-1,True
high_amplitude,293,-0.10698187204785126,-1,True
high_amplitude,294,-0.1058207702952425,-1,True
high_amplitude,295,-0.10420177112740103,-1,True
high_amplitude,296,-0.07519544579275261,-1,True
high_amplitude,297,-0.12256536059115364,-1,True
high_amplitude,298,-0.06543418740143503,-1,True
high_amplitude,299,-0.11185406625661287,-1,True
frequency_offset,0,0.03602903351007747,1,False
frequency_offset,1,0.11217425139042225,1,False
frequency_offset,2,0.03075665070131628,1,False
frequency_offset,3,0.05458280237081092,1,False
frequency_offset,4,0.07119501665392464,1,False
frequency_offset,5,0.0376007908453061,1,False
frequency_offset,6,0.05711568676902834,1,False
frequency_offset,7,0.11184384047511114,1,False
frequency_offset,8,0.10930613340967599,1,False
frequency_offset,9,0.06568186789702524,1,False
frequency_offset,10,0.11498006223982671,1,False
frequency_offset,11,0.12207620448197437,1,False
frequency_offset,12,0.04206532782248562,1,False
frequency_offset,13,0.01542131606079844,1,False
frequency_offset,14,0.011708929666851109,1,False
frequency_offset,15,0.07804756662056406,1,False
frequency_offset,16,0.07213538358877958,1,False
frequency_offset,17,0.032343843804939376,1,False
frequency_offset,18,0.1289724988786093,1,False
frequency_offset,19,0.1576009217930222,1,False
frequency_offset,20,0.031720598068649464,1,False
frequency_offset,21,0.03207094783949094,1,False
frequency_offset,22,0.127616000233939,1,False
frequency_offset,23,0.10491376439254724,1,False
frequency_offset,24,0.0634353357581584,1,False
frequency_offset,25,0.12758219971956586,1,False
frequency_offset,26,0.1293490393194725,1,False
frequency_offset,27,0.01429575815258366,1,False
frequency_offset,28,0.09028592700803356,1,False
frequency_offset,29,0.030088108547664416,1,False
frequency_offset,30,-0.0015627469280367068,-1,True
frequency_offset,31,0.08146518635347427,1,False
frequency_offset,32,0.08452079659748729,1,False
frequency_offset,33,0.11839486170415658,1,False
frequency_offset,34,0.15981144988657991,1,False
frequency_offset,35,0.040823208504634834,1,False
frequency_offset,36,0.045543224235518154,1,False
frequency_offset,37,0.10448461642272144,1,False
frequency_offset,38,0.03460455743745594,1,False
frequency_offset,39,0.10850905940084282,1,False
frequency_offset,40,0.12274783059021194,1,False
frequency_offset,41,0.08744695363912103,1,False
frequency_offset,42,0.16188816898775688,1,False
frequency_offset,43,0.1888308067363536,1,False
frequency_offset,44,0.10033287165471699,1,False
frequency_offset,45,0.01737353233559913,1,False
frequency_offset,46,0.028418096802200865,1,False
frequency_offset,47,0.10742508799817663,1,False
frequency_offset,48,0.13132570218840128,1,False
frequency_offset,49,0.012115012406578085,1,False
frequency_offset,50,0.18234489210461297,1,False
frequency_offset,51,-0.00032421190016040935,-1,True
frequency_offset,52,0.12117917541269307,1,False
frequency_offset,53,0.1306239569197613,1,False
frequency_offset,54,0.11728301172267463,1,False
frequency_offset,55,0.057766756403657804,1,False
frequency_offset,56,0.185286007553148,1,False
frequency_offset,57,0.02628423150796566,1,False
frequency_offset,58,0.034959280549995864,1,False
frequency_offset,59,0.12538629234408316,1,False
frequency_offset,60,0.0602827988862048,1,False
frequency_offset,61,0.19195147013134684,1,False
frequency_offset,62,0.12248352856174421,1,False
frequency_offset,63,0.03099215920903553,1,False
frequency_offset,64,0.12602389034613665,1,False
frequency_offset,65,0.08809420910977928,1,False
frequency_offset,66,0.02134583852324823,1,False
frequency_offset,67,0.18361555960430898,1,False
frequency_offset,68,0.10473081360257341,1,False
frequency_offset,69,0.018569613380975736,1,False
frequency_offset,70,0.0326914972897181,1,False
frequency_offset,71,0.04065991285963455,1,False
frequency_offset,72,0.03356706943431287,1,False
frequency_offset,73,0.09751690381445144,1,False
frequency_offset,74,0.1666506726387892,1,False
frequency_offset,75,0.03138028360579781,1,False
frequency_offset,76,0.027420388213768798,1,False
frequency_offset,77,-0.008273439588000198,-1,True
frequency_offset,78,0.10674461721657658,1,False
frequency_offset,79,0.03112699745962877,1,False
frequency_offset,80,0.11168070601547392,1,False
frequency_offset,81,0.11662582969706436,1,False
frequency_offset,82,-0.0027264076546836824,-1,True
frequency_offset,83,0.11519486555774383,1,False
frequency_offset,84,0.1632748912447201,1,False
frequency_offset,85,0.02264942939412895,1,False
frequency_offset,86,0.18469483597396608,1,False
frequency_offset,87,0.007634852329318487,1,False
frequency_offset,88,0.16925584437003716,1,False
frequency_offset,89,0.0911033178022374,1,False
frequency_offset,90,0.04234822862526488,1,False
frequency_offset,91,0.012705987375252303,1,False
frequency_offset,92,-0.09830056337822402,-1,True
frequency_offset,93,0.013892569852345882,1,False
frequency_offset,94,0.10577395527300892,1,False
frequency_offset,95,0.04292574990271392,1,False
frequency_offset,96,0.04817771264894566,1,False
frequency_offset,97,0.09669930433690754,1,False
frequency_offset,98,-0.11835108080128631,-1,True
frequency_offset,99,0.1094769836087735,1,False
frequency_offset,100,0.10282189688902987,1,False
frequency_offset,101,0.05575463202183406,1,False
frequency_offset,102,0.051778279574183905,1,False
frequency_offset,103,0.11351238711675027,1,False
frequency_offset,104,0.07616447996139841,1,False
frequency_offset,105,0.09006703866880322,1,False
frequency_offset,106,0.036526754619884194,1,False
frequency_offset,107,0.06108165235293106,1,False
frequency_offset,108,0.06642913345705537,1,False
frequency_offset,109,0.11079825681200439,1,False
frequency_offset,110,0.06489687766629582,1,False
frequency_offset,111,0.12642249113828108,1,False
frequency_offset,112,0.07483560601741884,1,False
frequency_offset,113,0.10050061265696775,1,False
frequency_offset,114,-0.00512727874392227,-1,True
frequency_offset,115,0.025171819968785925,1,False
frequency_offset,116,0.057626645639523244,1,False
frequency_offset,117,0.058554432527279765,1,False
frequency_offset,118,0.09886346176663513,1,False
frequency_offset,119,0.11164214729237237,1,False
frequency_offset,120,0.09088531584614767,1,False
frequency_offset,121,0.05262111201020059,1,False
frequency_offset,122,0.12369718993805873,1,False
frequency_offset,123,0.0915321882615967,1,False
frequency_offset,124,0.07104228479181551,1,False
frequency_offset,125,0.126730655228475,1,False
frequency_offset,126,0.12561601123640515,1,False
frequency_offset,127,0.11283834980752161,1,False
frequency_offset,128,0.05673186605882974,1,False
frequency_offset,129,0.10489936140240508,1,False
frequency_offset,130,0.09701415971096711,1,False
frequency_offset,131,0.03403864130411571,1,False
frequency_offset,132,0.021087079526828645,1,False
frequency_offset,133,0.046754178632861354,1,False
frequency_offset,134,0.11556727034737907,1,False
frequency_offset,135,0.1061978091797059,1,False
frequency_offset,136,0.02955116856490181,1,False
frequency_offset,137,0.06428684564806475,1,False
frequency_offset,138,0.014800216256857124,1,False
frequency_offset,139,0.18776559743748095,1,False
frequency_offset,140,0.11990127387247074,1,False
frequency_offset,141,0.029797720637862457,1,False
frequency_offset,142,0.0636338754431004,1,False
frequency_offset,143,0.11676687283599496,1,False
frequency_offset,144,0.030895432177290738,1,False
frequency_offset,145,0.0852145956779522,1,False
frequency_offset,146,0.04945296289044643,1,False
frequency_offset,147,0.04669718096380604,1,False
frequency_offset,148,0.09723948832991058,1,False
frequency_offset,149,0.022854942474244355,1,False
frequency_offset,150,0.15004126226959785,1,False
frequency_offset,151,0.11753247369452136,1,False
frequency_offset,152,0.07804359373267666,1,False
frequency_offset,153,0.1243270124563553,1,False
frequency_offset,154,0.1188859736706197,1,False
frequency_offset,155,0.1319512953059106,1,False
frequency_offset,156,0.027834039048466708,1,False
frequency_offset,157,0.05375047601456173,1,False
frequency_offset,158,0.019226806739580105,1,False
frequency_offset,159,0.12366227272103752,1,False
frequency_offset,160,0.030812500893342643,1,False
frequency_offset,161,0.10098437425688062,1,False
frequency_offset,162,0.055142203455719074,1,False
frequency_offset,163,0.11115281300796254,1,False
frequency_offset,164,0.028425807853850293,1,False
frequency_offset,165,0.048501409990192146,1,False
frequency_offset,166,0.07960331204219817,1,False
frequency_offset,167,0.1118500923366057,1,False
frequency_offset,168,0.09783009617136029,1,False
frequency_offset,169,0.053839072225631335,1,False
frequency_offset,170,0.036266828786653216,1,False
frequency_offset,171,0.018941523153123252,1,False
frequency_offset,172,0.04961992502034629,1,False
frequency_offset,173,0.08649123284149723,1,False
frequency_offset,174,0.11203721513079656,1,False
frequency_offset,175,0.09227146979759027,1,False
frequency_offset,176,0.12027344033553183,1,False
frequency_offset,177,0.09421565483619626,1,False
frequency_offset,178,0.03670451300711264,1,False
frequency_offset,179,0.12250949806348593,1,False
frequency_offset,180,0.11241724666599101,1,False
frequency_offset,181,0.06173551980328629,1,False
frequency_offset,182,0.02311627225751256,1,False
frequency_offset,183,0.04950770686886652,1,False
frequency_offset,184,0.06186385705684028,1,False
frequency_offset,185,0.020165051120058397,1,False
frequency_offset,186,0.10315209782181833,1,False
frequency_offset,187,0.03459637471567678,1,False
frequency_offset,188,0.12016345606558088,1,False
frequency_offset,189,0.07739649645304458,1,False
frequency_offset,190,0.05198685953445059,1,False
frequency_offset,191,0.04932769429179118,1,False
frequency_offset,192,0.11992740001714303,1,False
frequency_offset,193,0.03309386094353706,1,False
frequency_offset,194,0.09341288287265853,1,False
frequency_offset,195,0.0846096432699745,1,False
frequency_offset,196,0.0734340499394564,1,False
frequency_offset,197,0.032305905098276355,1,False
frequency_offset,198,0.054940152663556785,1,False
frequency_offset,199,0.024659073615057148,1,False
frequency_offset,200,0.06860544966811899,1,False
frequency_offset,201,0.039644372484641144,1,False
frequency_offset,202,0.1101572150057748,1,False
frequency_offset,203,0.031409435503316874,1,False
frequency_offset,204,0.03357567675602413,1,False
frequency_offset,205,0.04959828534947619,1,False
frequency_offset,206,0.008054996068833087,1,False
frequency_offset,207,0.08684356934169107,1,False
frequency_offset,208,0.11413862589781626,1,False
frequency_offset,209,0.031626003019175175,1,False
frequency_offset,210,0.020312679873970896,1,False
frequency_offset,211,0.10946277792507253,1,False
frequency_offset,212,0.029208750508724513,1,False
frequency_offset,213,0.09381798144313913,1,False
frequency_offset,214,0.05508924966795026,1,False
frequency_offset,215,0.10899779291415385,1,False
frequency_offset,216,0.12205444969070284,1,False
frequency_offset,217,0.10373583160730582,1,False
frequency_offset,218,0.1215422997958101,1,False
frequency_offset,219,0.12272104505603859,1,False
frequency_offset,220,0.08841693973618658,1,False
frequency_offset,221,0.12143153190963529,1,False
frequency_offset,222,0.12364554743976297,1,False
frequency_offset,223,0.06553475236592077,1,False
frequency_offset,224,0.07396648452995624,1,False
frequency_offset,225,0.025052602983568706,1,False
frequency_offset,226,0.09959474547537711,1,False
frequency_offset,227,0.06736725221584394,1,False
frequency_offset,228,0.11970892387486343,1,False
frequency_offset,229,0.15697025585524726,1,False
frequency_offset,230,0.07175863522383336,1,False
frequency_offset,231,0.09529807481096664,1,False
frequency_offset,232,0.005580672169444467,1,False
frequency_offset,233,0.03963294933127037,1,False
frequency_offset,234,0.05766535720430521,1,False
frequency_offset,235,0.053677709289800646,1,False
frequency_offset,236,0.131430421697879,1,False
frequency_offset,237,0.024155424503405243,1,False
frequency_offset,238,0.12238121079377845,1,False
frequency_offset,239,0.008516083012472975,1,False
frequency_offset,240,0.02959480983763263,1,False
frequency_offset,241,0.027847198203442947,1,False
frequency_offset,242,0.09510866738665974,1,False
frequency_offset,243,0.08858314127288658,1,False
frequency_offset,244,0.11701463227333131,1,False
frequency_offset,245,0.121711677219629,1,False
frequency_offset,246,0.11699692906541476,1,False
frequency_offset,247,0.10053700201692634,1,False
frequency_offset,248,0.01894335903523836,1,False
frequency_offset,249,0.06781811146175964,1,False
frequency_offset,250,0.03194699618341812,1,False
frequency_offset,251,-0.004281633997221368,-1,True
frequency_offset,252,0.04240657174277496,1,False
frequency_offset,253,0.03286478152289107,1,False
frequency_offset,254,0.11445660276722314,1,False
frequency_offset,255,0.08089209568014188,1,False
frequency_offset,256,0.06399307136655008,1,False
frequency_offset,257,0.04903720329937389,1,False
frequency_offset,258,0.038488990223588315,1,False
frequency_offset,259,0.1204709165114512,1,False
frequency_offset,260,0.09214767026264276,1,False
frequency_offset,261,0.038541915591065234,1,False
frequency_offset,262,0.07213531806729268,1,False
frequency_offset,263,0.12444619803754087,1,False
frequency_offset,264,0.11535901366819518,1,False
frequency_offset,265,0.12519058259055504,1,False
frequency_offset,266,0.05614662961115213,1,False
frequency_offset,267,0.08073193234595577,1,False
frequency_offset,268,0.031177965979032995,1,False
frequency_offset,269,0.1539659109342193,1,False
frequency_offset,270,0.04659073968058847,1,False
frequency_offset,271,0.12122308428170014,1,False
frequency_offset,272,0.03181384450913949,1,False
frequency_offset,273,0.0685063986034401,1,False
frequency_offset,274,0.024960427170846455,1,False
frequency_offset,275,0.09727968007880189,1,False
frequency_offset,276,0.08736825175090712,1,False
frequency_offset,277,0.030190527651608345,1,False
frequency_offset,278,0.05309379857305441,1,False
frequency_offset,279,0.07174724014121381,1,False
frequency_offset,280,0.1587618172611911,1,False
frequency_offset,281,0.029518605805401665,1,False
frequency_offset,282,0.07267445227843428,1,False
frequency_offset,283,0.030283557197344657,1,False
frequency_offset,284,0.0594955308882108,1,False
frequency_offset,285,0.03543033393354256,1,False
frequency_offset,286,0.02183091378719526,1,False
frequency_offset,287,0.08488374884766192,1,False
frequency_offset,288,0.014413320308896749,1,False
frequency_offset,289,0.1246166801263125,1,False
frequency_offset,290,0.19215162571075828,1,False
frequency_offset,291,0.13991762648122746,1,False
frequency_offset,292,0.06412358317402111,1,False
frequency_offset,293,0.11192420587693763,1,False
frequency_offset,294,0.12671881777349575,1,False
frequency_offset,295,0.028027842450677576,1,False
frequency_offset,296,0.061673012547148076,1,False
frequency_offset,297,0.1165397420448327,1,False
frequency_offset,298,0.058877657977758235,1,False
frequency_offset,299,0.12291048756536099,1,False
