modulation,accuracy,mean_confidence,high_snr_accuracy
8PSK,0.30825,0.37277695789306525,0.6385714285714286
AM-DSB,0.5605,0.49765368267873134,0.8935714285714286
AM-SSB,0.95475,0.24695637346169577,0.9535714285714286
BPSK,0.5475,0.5811091194737018,0.9792857142857143
CPFSK,0.5145,0.5640697805871275,0.9892857142857143
GFSK,0.5715,0.5619920151260577,0.975
PAM4,0.6485,0.6805989249917781,0.9728571428571429
QAM16,0.32925,0.4054044927851219,0.5271428571428571
QAM64,0.47275,0.4499526346261588,0.6321428571428571
QPSK,0.32975,0.37790727270509816,0.6314285714285715
WBFM,0.31125,0.5132193211890732,0.48142857142857143
