modulation,-20,-18,-16,-14,-12,-10,-8,-6,-4,-2,0,2,4,6,8,10,12,14,16,18
8PSK,0.0,0.0,0.0,0.005,0.005,0.0,0.01,0.035,0.085,0.19,0.36,0.475,0.53,0.64,0.63,0.61,0.685,0.65,0.64,0.615
AM-DSB,0.005,0.015,0.005,0.025,0.06,0.145,0.37,0.6,0.695,0.69,0.745,0.72,0.88,0.91,0.945,0.965,0.945,0.825,0.875,0.79
AM-SSB,0.96,0.955,0.94,0.96,0.95,0.93,0.94,0.97,0.945,0.98,0.97,0.975,0.945,0.96,0.945,0.91,0.97,0.995,0.955,0.94
BPSK,0.005,0.0,0.025,0.005,0.01,0.025,0.055,0.14,0.42,0.645,0.835,0.955,0.975,0.96,0.995,0.975,0.985,0.97,0.975,0.995
CPFSK,0.0,0.0,0.0,0.005,0.005,0.0,0.03,0.09,0.16,0.39,0.795,0.935,0.955,0.975,0.995,0.985,0.99,0.99,0.995,0.995
GFSK,0.0,0.0,0.005,0.005,0.0,0.035,0.1,0.34,0.58,0.77,0.905,0.925,0.94,0.94,0.975,0.985,0.985,0.975,0.995,0.97
PAM4,0.0,0.02,0.01,0.01,0.02,0.185,0.53,0.74,0.855,0.91,0.94,0.965,0.975,0.955,0.975,0.985,0.97,0.98,0.965,0.98
QAM16,0.0,0.005,0.0,0.01,0.005,0.08,0.2,0.41,0.445,0.36,0.45,0.48,0.45,0.48,0.55,0.56,0.49,0.58,0.49,0.54
QAM64,0.005,0.0,0.005,0.08,0.275,0.395,0.445,0.545,0.62,0.685,0.65,0.695,0.63,0.655,0.64,0.59,0.63,0.67,0.63,0.61
QPSK,0.025,0.01,0.005,0.02,0.005,0.04,0.085,0.23,0.28,0.205,0.295,0.445,0.53,0.565,0.62,0.645,0.67,0.635,0.645,0.64
WBFM,0.005,0.005,0.005,0.0,0.005,0.075,0.335,0.345,0.395,0.385,0.46,0.445,0.395,0.485,0.39,0.365,0.43,0.555,0.515,0.63
