,mean_amplitude,std_amplitude,rms_amplitude,max_amplitude,mean_power,amplitude_variance,phase_std,i_std,q_std,iq_correlation,spectral_centroid,spectral_bandwidth,spectral_entropy,fft_peak_magnitude,amplitude_kurtosis
mean_amplitude,1.0,-0.0008430732606133552,-0.0009293612387877626,-0.0016526266702496521,-0.0008811066466771477,-0.0008817972016495079,-0.001779674324500591,-0.001614780580581555,-0.0011483094666754638,-0.0016256572667039686,0.002725398716503082,-0.0008945675034702703,-0.000981411769208214,0.0012031187355415532,-0.002605351804309756
std_amplitude,-0.0008430732606133552,1.0,0.9436717070446703,0.8818844441640313,0.8638090512898385,0.8638090513462151,0.5630376492919271,0.596447292538138,0.7029718904852429,-0.052014140986215,-0.08239278096875378,0.7040780492199694,0.815587203742259,-0.7329264565282764,0.18074407290291272
rms_amplitude,-0.0009293612387877626,0.9436717070446703,1.0,0.8801874223998117,0.9746973675913441,0.9746973676398187,0.4494624130215496,0.49674163422789386,0.6144890941274525,-0.052953392668236864,-0.08846445206855132,0.6482665087474152,0.7117813546883093,-0.62422856932802,0.22488868783105248
max_amplitude,-0.0016526266702496521,0.8818844441640313,0.8801874223998117,1.0,0.8231228497363959,0.823122850376621,0.4527109046343957,0.5436204465699207,0.5544882381936517,0.029273515470528092,-0.14164102702381356,0.823227272300955,0.8140798065432955,-0.6951083608639143,0.48384720713103324
mean_power,-0.0008811066466771477,0.8638090512898385,0.9746973675913441,0.8231228497363959,1.0,0.9999999999997404,0.38610183104762197,0.4369785622847715,0.5517802804175242,-0.04709915410513984,-0.07380167600024413,0.5555496021145,0.611833362322842,-0.5300071172072496,0.24887021358362044
amplitude_variance,-0.0008817972016495079,0.8638090513462151,0.9746973676398187,0.823122850376621,0.9999999999997404,1.0,0.38610183204154525,0.4369785631338714,0.551780280874587,-0.04709915295385564,-0.07380167783736674,0.5555496023940938,0.6118333626281283,-0.5300071177154694,0.24887021523128594
phase_std,-0.001779674324500591,0.5630376492919271,0.4494624130215496,0.4527109046343957,0.38610183104762197,0.38610183204154525,1.0,0.768533420850539,0.7555275668577079,-0.0048559256715701715,-0.004562314793959134,0.4069864182480443,0.7210747465792332,-0.7672523804926762,0.05242938140294415
i_std,-0.001614780580581555,0.596447292538138,0.49674163422789386,0.5436204465699207,0.4369785622847715,0.4369785631338714,0.768533420850539,1.0,0.4956329857971881,0.08547377825398499,-0.04818730127841458,0.5284211410406023,0.7617078477919579,-0.769838924552472,0.14794090767482704
q_std,-0.0011483094666754638,0.7029718904852429,0.6144890941274525,0.5544882381936517,0.5517802804175242,0.551780280874587,0.7555275668577079,0.4956329857971881,1.0,-0.09451585098630443,-0.00019464277731031385,0.4266793195856029,0.7217327047216329,-0.7483545823332536,0.04204088230281283
iq_correlation,-0.0016256572667039686,-0.052014140986215,-0.052953392668236864,0.029273515470528092,-0.04709915410513984,-0.04709915295385564,-0.0048559256715701715,0.08547377825398499,-0.09451585098630443,1.0,-0.04049022569375404,0.115115427344646,0.059864369744397225,-0.036367417645568716,0.09604968621390785
spectral_centroid,0.002725398716503082,-0.08239278096875378,-0.08846445206855132,-0.14164102702381356,-0.07380167600024413,-0.07380167783736674,-0.004562314793959134,-0.04818730127841458,-0.00019464277731031385,-0.04049022569375404,1.0,-0.20951856841312957,-0.13627924414885945,0.09968737994898504,-0.08170246822532796
spectral_bandwidth,-0.0008945675034702703,0.7040780492199694,0.6482665087474152,0.823227272300955,0.5555496021145,0.5555496023940938,0.4069864182480443,0.5284211410406023,0.4266793195856029,0.115115427344646,-0.20951856841312957,1.0,0.881022621679535,-0.7425971167747134,0.3290154465507332
spectral_entropy,-0.000981411769208214,0.815587203742259,0.7117813546883093,0.8140798065432955,0.611833362322842,0.6118333626281283,0.7210747465792332,0.7617078477919579,0.7217327047216329,0.059864369744397225,-0.13627924414885945,0.881022621679535,1.0,-0.9433324822078749,0.24132014077915886
fft_peak_magnitude,0.0012031187355415532,-0.7329264565282764,-0.62422856932802,-0.6951083608639143,-0.5300071172072496,-0.5300071177154694,-0.7672523804926762,-0.769838924552472,-0.7483545823332536,-0.036367417645568716,0.09968737994898504,-0.7425971167747134,-0.9433324822078749,1.0,-0.19331412269799148
amplitude_kurtosis,-0.002605351804309756,0.18074407290291272,0.22488868783105248,0.48384720713103324,0.24887021358362044,0.24887021523128594,0.05242938140294415,0.14794090767482704,0.04204088230281283,0.09604968621390785,-0.08170246822532796,0.3290154465507332,0.24132014077915886,-0.19331412269799148,1.0
