,8PSK,AM-DSB,AM-SSB,BPSK,CPFSK,GFSK,PAM4,QAM16,QAM64,QPSK,WBFM
8PSK,0.6385714285714286,0.0,0.012142857142857143,0.0014285714285714286,0.005714285714285714,0.0,0.0,0.039285714285714285,0.005,0.2978571428571429,0.0
AM-DSB,0.0,0.8935714285714286,0.0,0.0,0.0,0.0,0.0,0.0,0.0,0.0,0.10642857142857143
AM-SSB,0.005714285714285714,0.002857142857142857,0.9535714285714286,0.009285714285714286,0.005714285714285714,0.005,0.0035714285714285713,0.0014285714285714286,0.0,0.010714285714285714,0.002142857142857143
BPSK,0.0,0.0,0.0064285714285714285,0.9792857142857143,0.0,0.0,0.013571428571428571,0.0,0.0,0.0,0.0007142857142857143
CPFSK,0.0,0.0,0.0,0.0,0.9892857142857143,0.010714285714285714,0.0,0.0,0.0,0.0,0.0
GFSK,0.0,0.0,0.0,0.0,0.01,0.975,0.0,0.0,0.0,0.0,0.015
PAM4,0.0,0.0,0.0064285714285714285,0.019285714285714285,0.0,0.0007142857142857143,0.9728571428571429,0.0,0.0007142857142857143,0.0,0.0
QAM16,0.04857142857142857,0.0,0.012142857142857143,0.002142857142857143,0.0,0.0,0.002857142857142857,0.5271428571428571,0.38642857142857145,0.020714285714285713,0.0
QAM64,0.018571428571428572,0.0,0.005714285714285714,0.0035714285714285713,0.0,0.0007142857142857143,0.002142857142857143,0.32857142857142857,0.6321428571428571,0.007857142857142858,0.0007142857142857143
QPSK,0.29285714285714287,0.0,0.015,0.0035714285714285713,0.01,0.0,0.0007142857142857143,0.027857142857142858,0.018571428571428572,0.6314285714285715,0.0
WBFM,0.0,0.45571428571428574,0.0,0.0,0.0035714285714285713,0.05928571428571429,0.0,0.0,0.0,0.0,0.48142857142857143
