,precision,recall,f1-score,support
8PSK,0.5065735414954807,0.30825,0.3832763444202673,4000.0
AM-DSB,0.592964824120603,0.5605,0.576275542989333,4000.0
AM-SSB,0.2452163862848337,0.95475,0.39021150505772967,4000.0
BPSK,0.8352402745995423,0.5475,0.6614315916641498,4000.0
CPFSK,0.7854961832061069,0.5145,0.6217522658610272,4000.0
GFSK,0.7746526601152152,0.5715,0.6577470867501078,4000.0
PAM4,0.8521681997371879,0.6485,0.7365133446905168,4000.0
QAM16,0.4849042709867452,0.32925,0.39219773674806435,4000.0
QAM64,0.5466897947383637,0.47275,0.5070384770076418,4000.0
QPSK,0.470064148253742,0.32975,0.38759917719659126,4000.0
WBFM,0.6246864024084295,0.31125,0.41548473218755216,4000.0
accuracy,0.5044090909090909,0.5044090909090909,0.5044090909090909,0.5044090909090909
macro avg,0.610786971449659,0.5044090909090908,0.5208661640520892,44000.0
weighted avg,0.6107869714496591,0.5044090909090909,0.5208661640520892,44000.0
