feature,importance
spectral_entropy,0.10169226872561671
spectral_bandwidth,0.09740000831657386
q_std,0.09542159988303824
fft_peak_magnitude,0.09164215166255311
iq_correlation,0.08236755943630282
mean_power,0.06922202529231712
std_amplitude,0.06877695825010473
i_std,0.06591191434484865
amplitude_variance,0.06528539785210426
rms_amplitude,0.06486680283155269
phase_std,0.060818564641955765
amplitude_kurtosis,0.054273628886694236
max_amplitude,0.05045333152235584
spectral_centroid,0.028209572762543687
mean_amplitude,0.003658215591438466
